number_series,answer,obfuscation,obfuscation_ground_truth,Ascii_obfuscation
"7, 10, 8, 11, 9, 12, ...",10,"Uranus, Mercury Sun, Neptune, Mercury Mercury, Pluto, Mercury Venus, ",Mercury Sun,"Uranus, Mercury Sun, Neptune, Mercury Mercury, Pluto, 775 561"
"36, 34, 30, 28, 24, ...",22,"Earth Saturn, Earth Mars, Earth Sun, Venus Neptune, Venus Mars, ",Venus Venus,"532 669, Earth Mars, Earth Sun, Venus Neptune, Venus Mars"
"22, 21, 23, 22, 24, 23, ...",25,"Venus Venus, Venus Mercury, Venus Earth, Venus Venus, Venus Mars, Venus Earth, ",Venus Jupiter,"561 561, Venus Mercury, Venus Earth, Venus Venus, Venus Mars, Venus Earth"
"53, 53, 40, 40, 27, 27, ...",14,"Jupiter Earth, Jupiter Earth, Mars Sun, Mars Sun, Venus Uranus, Venus Uranus, ",Mercury Mars,"Jupiter Earth, Jupiter Earth, Mars Sun, Mars Sun, Venus Uranus, 561 670"
"21, 9, 21, 11, 21, 13, 21, ...",15,"Venus Mercury, Pluto, Venus Mercury, Mercury Mercury, Venus Mercury, Mercury Earth, Venus Mercury, ",Mercury Jupiter,"Venus Mercury, Pluto, 561 775, Mercury Mercury, Venus Mercury, Mercury Earth, Venus Mercury"
"58, 52, 46, 40, 34, ...",28,"Jupiter Neptune, Jupiter Venus, Mars Saturn, Mars Sun, Earth Mars, ",Venus Neptune,"Jupiter Neptune, 771 561, Mars Saturn, Mars Sun, Earth Mars"
"3, 4, 7, 8, 11, 12, ...",15,"Earth, Mars, Uranus, Neptune, Mercury Mercury, Mercury Venus, ",Mercury Jupiter,"Earth, 435, Uranus, Neptune, Mercury Mercury, Mercury Venus"
"8, 22, 8, 28, 8, ...",34,"Neptune, Venus Venus, Neptune, Venus Neptune, Neptune, ",Earth Mars,"Neptune, 561 561, Neptune, Venus Neptune, Neptune"
"31, 29, 24, 22, 17, ...",15,"Earth Mercury, Venus Pluto, Venus Mars, Venus Venus, Mercury Uranus, ",Mercury Jupiter,"532 775, Venus Pluto, Venus Mars, Venus Venus, Mercury Uranus"
"1.5, 2.3, 3.1, 3.9, ...",4.7,"Mercury Jupiter, Venus Earth, Earth Mercury, Earth Pluto, ",Mars Uranus,"775 771, Venus Earth, Earth Mercury, Earth Pluto"
"14, 28, 20, 40, 32, 64, ...",56,"Mercury Mars, Venus Neptune, Venus Sun, Mars Sun, Earth Venus, Saturn Mars, ",Jupiter Saturn,"Mercury Mars, Venus Neptune, Venus Sun, Mars Sun, 532 561, Saturn Mars"
"2, 4, 6, 8, 10, ...",12,"Venus, Mars, Saturn, Neptune, Mercury Sun, ",Mercury Venus,"Venus, Mars, Saturn, 767, Mercury Sun"
"201, 202, 204, 207, ...",211,"Venus Sun Mercury, Venus Sun Venus, Venus Sun Mars, Venus Sun Uranus, ",Venus Mercury Mercury,"561 342 775, Venus Sun Venus, Venus Sun Mars, Venus Sun Uranus"
"544, 509, 474, 439, ...",404,"Jupiter Mars Mars, Jupiter Sun Pluto, Mars Uranus Mars, Mars Earth Pluto, ",Mars Sun Mars,"771 435 435, Jupiter Sun Pluto, Mars Uranus Mars, Mars Earth Pluto"
"80, 10, 70, 15, 60, ...",20,"Neptune Sun, Mercury Sun, Uranus Sun, Mercury Jupiter, Saturn Sun, ",Venus Sun,"767 342, Mercury Sun, Uranus Sun, Mercury Jupiter, Saturn Sun"
"2, 6, 18, 54, ...",162,"Venus, Saturn, Mercury Neptune, Jupiter Mars, ",Mercury Saturn Venus,"Venus, 669, Mercury Neptune, Jupiter Mars"
"5.2, 4.8, 4.4, 4, ...",3.6,"Jupiter Venus, Mars Neptune, Mars Mars, Mars, ",Earth Saturn,"Jupiter Venus, 435 767, Mars Mars, Mars"
"8, 6, 9, 23, 87, ...",429,"Neptune, Saturn, Pluto, Venus Earth, Neptune Uranus, ",Mars Venus Pluto,"Neptune, Saturn, Pluto, Venus Earth, 767 670"
"2, 5, 12.5, ...",31.25,"Venus, Jupiter, Mercury Venus Jupiter, ",Earth Mercury Venus Jupiter,"Venus, Jupiter, 775 561 771"
"50, 45, 40, 35, 30, ...",25,"Jupiter Sun, Mars Jupiter, Mars Sun, Earth Jupiter, Earth Sun, ",Venus Jupiter,"771 342, Mars Jupiter, Mars Sun, Earth Jupiter, Earth Sun"
"-10, -8, 6, 40, 102, ...",200,"Mercury Sun, Neptune, Saturn, Mars Sun, Mercury Sun Venus, ",Venus Sun Sun,"Mercury Sun, Neptune, Saturn, Mars Sun, 775 342 561"
"25, 49, 121, 169, ...",289,"Venus Jupiter, Mars Pluto, Mercury Venus Mercury, Mercury Saturn Pluto, ",Venus Neptune Pluto,"Venus Jupiter, 435 564, Mercury Venus Mercury, Mercury Saturn Pluto"
"1, 30, 5, 26, 9, 22, 13, 18, ...",17,"Mercury, Earth Sun, Jupiter, Venus Saturn, Pluto, Venus Venus, Mercury Earth, Mercury Neptune, ",Mercury Uranus,"Mercury, Earth Sun, Jupiter, Venus Saturn, Pluto, Venus Venus, 775 532, Mercury Neptune"
"4, 18, ...",48,"Mars, Mercury Neptune, ",Mars Neptune,"435, Mercury Neptune"
"11, 12, 15, 20, 27, ...",36,"Mercury Mercury, Mercury Venus, Mercury Jupiter, Venus Sun, Venus Uranus, ",Earth Saturn,"Mercury Mercury, Mercury Venus, Mercury Jupiter, 561 342, Venus Uranus"
"14, 25, 47, 91, 179, ...",355,"Mercury Mars, Venus Jupiter, Mars Uranus, Pluto Mercury, Mercury Uranus Pluto, ",Earth Jupiter Jupiter,"Mercury Mars, Venus Jupiter, Mars Uranus, Pluto Mercury, 775 670 564"
"4, 6, 9, 14, 21, ...",32,"Mars, Saturn, Pluto, Mercury Mars, Venus Mercury, ",Earth Venus,"Mars, Saturn, 564, Mercury Mars, Venus Mercury"
"3, 4, 7, 8, 11, 12, ...","15,16","Earth, Mars, Uranus, Neptune, Mercury Mercury, Mercury Venus, ",Mercury Jupiter Mercury Saturn,"532, Mars, Uranus, Neptune, Mercury Mercury, Mercury Venus"
"2, 3, 12, 37, 86, 166, 288, ...",166,"Venus, Earth, Mercury Venus, Earth Uranus, Neptune Saturn, Mercury Saturn Saturn, Venus Neptune Neptune, ",Mercury Saturn Saturn,"Venus, Earth, Mercury Venus, Earth Uranus, Neptune Saturn, Mercury Saturn Saturn, 561 767 767"
"81, 101, 121, ...",145,"Neptune Mercury, Mercury Sun Mercury, Mercury Venus Mercury, ",Mercury Mars Jupiter,"767 775, Mercury Sun Mercury, Mercury Venus Mercury"
"11, 121, 15, ...",225,"Mercury Mercury, Mercury Venus Mercury, Mercury Jupiter, ",Venus Venus Jupiter,"Mercury Mercury, Mercury Venus Mercury, 775 771"
"2, 4, 8, 10, 14, ...",16,"Venus, Mars, Neptune, Mercury Sun, Mercury Mars, ",Mercury Saturn,"Venus, Mars, Neptune, 775 342, Mercury Mars"
"1, 8, 9, 64, ...",25,"Mercury, Neptune, Pluto, Saturn Mars, ",Venus Jupiter,"Mercury, Neptune, 564, Saturn Mars"
"6, 11, 18, 27, ...",38,"Saturn, Mercury Mercury, Mercury Neptune, Venus Uranus, ",Earth Neptune,"Saturn, Mercury Mercury, 775 767, Venus Uranus"
"3, 4.5, 9, ...",22.5,"Earth, Mars Jupiter, Pluto, ",Venus Venus Jupiter,"532, Mars Jupiter, Pluto"
"3, 5, 7, 9, 11, ...",13,"Earth, Jupiter, Uranus, Pluto, Mercury Mercury, ",Mercury Earth,"Earth, 771, Uranus, Pluto, Mercury Mercury"
"1, 7, 37, 187, 937, ...",4687,"Mercury, Uranus, Earth Uranus, Mercury Neptune Uranus, Pluto Earth Uranus, ",Mars Saturn Neptune Uranus,"Mercury, Uranus, 532 670, Mercury Neptune Uranus, Pluto Earth Uranus"
"1, 5, 19, 81, ...",411,"Mercury, Jupiter, Mercury Pluto, Neptune Mercury, ",Mars Mercury Mercury,"775, Jupiter, Mercury Pluto, Neptune Mercury"
"2, 6, 12, 20, ...",30,"Venus, Saturn, Mercury Venus, Venus Sun, ",Earth Sun,"561, Saturn, Mercury Venus, Venus Sun"
"64, 58, 52, 46, ...",40,"Saturn Mars, Jupiter Neptune, Jupiter Venus, Mars Saturn, ",Mars Sun,"Saturn Mars, Jupiter Neptune, Jupiter Venus, 435 669"
"3, 9, 27, 81, ...",243,"Earth, Pluto, Venus Uranus, Neptune Mercury, ",Venus Mars Earth,"532, Pluto, Venus Uranus, Neptune Mercury"
"240, 60, 15, 5, ...",2,"Venus Mars Sun, Saturn Sun, Mercury Jupiter, Jupiter, ",Venus,"Venus Mars Sun, Saturn Sun, 775 771, Jupiter"
"1, 4, 9, 16, ...",25,"Mercury, Mars, Pluto, Mercury Saturn, ",Venus Jupiter,"Mercury, Mars, 564, Mercury Saturn"
"8, 27, 64, 125, ...",216,"Neptune, Venus Uranus, Saturn Mars, Mercury Venus Jupiter, ",Venus Mercury Saturn,"Neptune, Venus Uranus, 669 435, Mercury Venus Jupiter"
"0, 1, 1, 2, 3, 5, ...",8,"Sun, Mercury, Mercury, Venus, Earth, Jupiter, ",Neptune,"342, Mercury, Mercury, Venus, Earth, Jupiter"
"4, 9, 6, 11, 8, ...",13,"Mars, Pluto, Saturn, Mercury Mercury, Neptune, ",Mercury Earth,"Mars, Pluto, Saturn, 775 775, Neptune"
"12, 7, 21, 16, 30, ...",25,"Mercury Venus, Uranus, Venus Mercury, Mercury Saturn, Earth Sun, ",Venus Jupiter,"Mercury Venus, Uranus, Venus Mercury, Mercury Saturn, 532 342"
"101, 99, 96, 91, ?",84,"Mercury Sun Mercury, Pluto Pluto, Pluto Saturn, Pluto Mercury, ",Neptune Mars,"775 342 775, Pluto Pluto, Pluto Saturn, Pluto Mercury"
"97, 97, 82, 82, 67, 67, ...",52,"Pluto Uranus, Pluto Uranus, Neptune Venus, Neptune Venus, Saturn Uranus, Saturn Uranus, ",Jupiter Venus,"Pluto Uranus, Pluto Uranus, Neptune Venus, 767 561, Saturn Uranus, Saturn Uranus"
"109, 190, 239, 264, 273, ...",274,"Mercury Sun Pluto, Mercury Pluto Sun, Venus Earth Pluto, Venus Saturn Mars, Venus Uranus Earth, ",Venus Uranus Mars,"775 342 564, Mercury Pluto Sun, Venus Earth Pluto, Venus Saturn Mars, Venus Uranus Earth"
"123, 98, 82, 73, 69, ...",68,"Mercury Venus Earth, Pluto Neptune, Neptune Venus, Uranus Earth, Saturn Pluto, ",Saturn Neptune,"Mercury Venus Earth, Pluto Neptune, 767 561, Uranus Earth, 669 564"
"47, 56, 74, 101, 137, ...",182,"Mars Uranus, Jupiter Saturn, Uranus Mars, Mercury Sun Mercury, Mercury Earth Uranus, ",Mercury Neptune Venus,"Mars Uranus, Jupiter Saturn, 670 435, Mercury Sun Mercury, 775 532 670"
"13, 14, 23, 48, 97, 178, ...",299,"Mercury Earth, Mercury Mars, Venus Earth, Mars Neptune, Pluto Uranus, Mercury Uranus Neptune, ",Venus Pluto Pluto,"Mercury Earth, 775 435, Venus Earth, Mars Neptune, 564 670, Mercury Uranus Neptune"
"24, 40, 64, 104, ..., 312",176,"Venus Mars, Mars Sun, Saturn Mars, Mercury Sun Mars, , Earth Mercury Venus",Mercury Uranus Saturn,"561 435, Mars Sun, Saturn Mars, Mercury Sun Mars, 532 775 561"
"11, 13, 19, 49, 109, 239, ...",449,"Mercury Mercury, Mercury Earth, Mercury Pluto, Mars Pluto, Mercury Sun Pluto, Venus Earth Pluto, ",Mars Mars Pluto,"Mercury Mercury, 775 532, Mercury Pluto, Mars Pluto, Mercury Sun Pluto, 561 532 564"
"4, 5, 18, 19, 68, 69, ...",262,"Mars, Jupiter, Mercury Neptune, Mercury Pluto, Saturn Neptune, Saturn Pluto, ",Venus Saturn Venus,"435, Jupiter, 775 767, Mercury Pluto, Saturn Neptune, Saturn Pluto"
"6, 16, 29, 62, 121, ...",246,"Saturn, Mercury Saturn, Venus Pluto, Saturn Venus, Mercury Venus Mercury, ",Venus Mars Saturn,"669, 775 669, Venus Pluto, Saturn Venus, Mercury Venus Mercury"
"62, 74, 80, 86, 95, ..., 158",113,"Saturn Venus, Uranus Mars, Neptune Sun, Neptune Saturn, Pluto Jupiter, , Mercury Jupiter Neptune",Mercury Mercury Earth,"Saturn Venus, Uranus Mars, 767 342, 767 669, Pluto Jupiter, Mercury Jupiter Neptune"
"18, 24, 84, 294, 798, ...",1788,"Mercury Neptune, Venus Mars, Neptune Mars, Venus Pluto Mars, Uranus Pluto Neptune, ",Mercury Uranus Neptune Neptune,"Mercury Neptune, Venus Mars, 767 435, 561 564 435, Uranus Pluto Neptune"
"19, 38, 35, ..., 135, 810",140,"Mercury Pluto, Earth Neptune, Earth Jupiter, , Mercury Earth Jupiter, Neptune Mercury Sun",Mercury Mars Sun,"Mercury Pluto, 532 767, 532 771, Mercury Earth Jupiter, Neptune Mercury Sun"
"1, 2, 6, 15, ..., 56, 92",31,"Mercury, Venus, Saturn, Mercury Jupiter, , Jupiter Saturn, Pluto Venus",Earth Mercury,"Mercury, 561, 669, Mercury Jupiter, Jupiter Saturn, Pluto Venus"
"5, 18, 70, 278, ...",1110,"Jupiter, Mercury Neptune, Uranus Sun, Venus Uranus Neptune, ",Mercury Mercury Mercury Sun,"Jupiter, Mercury Neptune, 670 342, 561 670 767"
"3, 5, 5, 19, 7, 41, 9, ...",71,"Earth, Jupiter, Jupiter, Mercury Pluto, Uranus, Mars Mercury, Pluto, ",Uranus Mercury,"Earth, Jupiter, Jupiter, Mercury Pluto, Uranus, 435 775, 564"
"4, 18, ..., 100, 180, 294, 448",48,"Mars, Mercury Neptune, , Mercury Sun Sun, Mercury Neptune Sun, Venus Pluto Mars, Mars Mars Neptune",Mars Neptune,"435, Mercury Neptune, Mercury Sun Sun, Mercury Neptune Sun, 561 564 435, Mars Mars Neptune"
"1, 2, 6, 15, 31, 56, 91",91,"Mercury, Venus, Saturn, Mercury Jupiter, Earth Mercury, Jupiter Saturn, Pluto Mercury",Pluto Mercury,"Mercury, 561, Saturn, Mercury Jupiter, Earth Mercury, 771 669, Pluto Mercury"
"132, 156, ..., 210, 240, 272",182,"Mercury Earth Venus, Mercury Jupiter Saturn, , Venus Mercury Sun, Venus Mars Sun, Venus Uranus Venus",Mercury Neptune Venus,"Mercury Earth Venus, 775 771 669, Venus Mercury Sun, Venus Mars Sun, 561 670 561"
"10, 9, 60, 90, 70, 66, ...",96,"Mercury Sun, Pluto, Saturn Sun, Pluto Sun, Uranus Sun, Saturn Saturn, ",Pluto Saturn,"Mercury Sun, 564, Saturn Sun, 564 342, Uranus Sun, Saturn Saturn"
"5, 9, 13, 17, 21, ...",25,"Jupiter, Pluto, Mercury Earth, Mercury Uranus, Venus Mercury, ",Venus Jupiter,"Jupiter, Pluto, 775 532, 775 670, Venus Mercury"
"8, 27, 125, 343, 1381",1381,"Neptune, Venus Uranus, Mercury Venus Jupiter, Earth Mars Earth, Mercury Earth Neptune Mercury",Mercury Earth Neptune Mercury,"Neptune, 561 670, Mercury Venus Jupiter, Earth Mars Earth, 775 532 767 775"
"102, 85, 68, 51, ...",34,"Mercury Sun Venus, Neptune Jupiter, Saturn Neptune, Jupiter Mercury, ",Earth Mars,"775 342 561, Neptune Jupiter, 669 767, Jupiter Mercury"
"1, 3, 5, 7, ...",9,"Mercury, Earth, Jupiter, Uranus, ",Pluto,"775, 532, Jupiter, Uranus"
"964, ?, 241, 120.5, 60.25",482,"Pluto Saturn Mars, , Venus Mars Mercury, Mercury Venus Sun Jupiter, Saturn Sun Venus Jupiter",Mars Neptune Venus,"Pluto Saturn Mars, 561 435 775, 775 561 342 771, Saturn Sun Venus Jupiter"
"24, 26, 28, ?, 32, 34",30,"Venus Mars, Venus Saturn, Venus Neptune, , Earth Venus, Earth Mars",Earth Sun,"561 435, Venus Saturn, 561 767, Earth Venus, Earth Mars"
"9, 11, 14, 16, 19, 21, ...",24,"Pluto, Mercury Mercury, Mercury Mars, Mercury Saturn, Mercury Pluto, Venus Mercury, ",Venus Mars,"Pluto, 775 775, Mercury Mars, Mercury Saturn, 775 564, Venus Mercury"
"21, 55, 19, 50, 17, 45, ...",15,"Venus Mercury, Jupiter Jupiter, Mercury Pluto, Jupiter Sun, Mercury Uranus, Mars Jupiter, ",Mercury Jupiter,"Venus Mercury, Jupiter Jupiter, 775 564, Jupiter Sun, Mercury Uranus, 435 771"
"13, 17, 26, 42, 67, ...",103,"Mercury Earth, Mercury Uranus, Venus Saturn, Mars Venus, Saturn Uranus, ",Mercury Sun Earth,"Mercury Earth, 775 670, Venus Saturn, 435 561, Saturn Uranus"
"13, 10, 7, 4, ...",1,"Mercury Earth, Mercury Sun, Uranus, Mars, ",Mercury,"Mercury Earth, Mercury Sun, 670, 435"
"7, 11, 15, 19, 23, ...",27,"Uranus, Mercury Mercury, Mercury Jupiter, Mercury Pluto, Venus Earth, ",Venus Uranus,"Uranus, 775 775, Mercury Jupiter, 775 564, Venus Earth"
"4, 18, ?, 100, 180, 294, 448",48,"Mars, Mercury Neptune, , Mercury Sun Sun, Mercury Neptune Sun, Venus Pluto Mars, Mars Mars Neptune",Mars Neptune,"Mars, 775 767, 775 342 342, Mercury Neptune Sun, Venus Pluto Mars, Mars Mars Neptune"
"3, 5, 5, 19, 7, 41, 9, ...",71,"Earth, Jupiter, Jupiter, Mercury Pluto, Uranus, Mars Mercury, Pluto, ",Uranus Mercury,"Earth, 771, Jupiter, Mercury Pluto, Uranus, 435 775, Pluto"
"1, 2, 3, 10, ?, 9802",99,"Mercury, Venus, Earth, Mercury Sun, , Pluto Neptune Sun Venus",Pluto Pluto,"Mercury, Venus, 532, Mercury Sun, 564 767 342 561"
"1, 2, 6, 15, 31, 56, 91",91,"Mercury, Venus, Saturn, Mercury Jupiter, Earth Mercury, Jupiter Saturn, Pluto Mercury",Pluto Mercury,"Mercury, Venus, Saturn, Mercury Jupiter, 532 775, 771 669, Pluto Mercury"
"132, 156, ?, 210, 240, 272",182,"Mercury Earth Venus, Mercury Jupiter Saturn, , Venus Mercury Sun, Venus Mars Sun, Venus Uranus Venus",Mercury Neptune Venus,"Mercury Earth Venus, Mercury Jupiter Saturn, Venus Mercury Sun, 561 435 342, 561 670 561"
"2, 3, 4, 4, 6, 8, 9, 12, 16",9,"Venus, Earth, Mars, Mars, Saturn, Neptune, Pluto, Mercury Venus, Mercury Saturn",Pluto,"Venus, Earth, Mars, 435, Saturn, 767, Pluto, Mercury Venus, Mercury Saturn"
"2, 5, 10, 50, 500, 5000",5000,"Venus, Jupiter, Mercury Sun, Jupiter Sun, Jupiter Sun Sun, Jupiter Sun Sun Sun",Jupiter Sun Sun Sun,"Venus, 771, Mercury Sun, Jupiter Sun, 771 342 342, Jupiter Sun Sun Sun"
"3, 8, 15, 24, 34, 48, 63",34,"Earth, Neptune, Mercury Jupiter, Venus Mars, Earth Mars, Mars Neptune, Saturn Earth",Earth Mars,"532, Neptune, Mercury Jupiter, 561 435, Earth Mars, Mars Neptune, Saturn Earth"
"1024, 520, 268, 142, ?, 47.5",79,"Mercury Sun Venus Mars, Jupiter Venus Sun, Venus Saturn Neptune, Mercury Mars Venus, , Mars Uranus Jupiter",Uranus Pluto,"775 342 561 435, Jupiter Venus Sun, Venus Saturn Neptune, Mercury Mars Venus, 435 670 771"
"32, 16.5, 17.5, 27.75, 57.5, ?",146.25,"Earth Venus, Mercury Saturn Jupiter, Mercury Uranus Jupiter, Venus Uranus Uranus Jupiter, Jupiter Uranus Jupiter, ",Mercury Mars Saturn Venus Jupiter,"Earth Venus, 775 669 771, Mercury Uranus Jupiter, Venus Uranus Uranus Jupiter, 771 670 771"
"6, 16, 34, 62, 102, ?",156,"Saturn, Mercury Saturn, Earth Mars, Saturn Venus, Mercury Sun Venus, ",Mercury Jupiter Saturn,"669, Mercury Saturn, Earth Mars, 669 561, Mercury Sun Venus"
"100, 101, 102, 101, 96, ?, 66",85,"Mercury Sun Sun, Mercury Sun Mercury, Mercury Sun Venus, Mercury Sun Mercury, Pluto Saturn, , Saturn Saturn",Neptune Jupiter,"Mercury Sun Sun, Mercury Sun Mercury, Mercury Sun Venus, 775 342 775, Pluto Saturn, 669 669"
"3, 10, 24, 50, ?, 170",120,"Earth, Mercury Sun, Venus Mars, Jupiter Sun, , Mercury Uranus Sun",Mercury Venus Sun,"Earth, Mercury Sun, Venus Mars, 771 342, 775 670 342"
"32, 35, 64, 71, 104, ?, 152",115,"Earth Venus, Earth Jupiter, Saturn Mars, Uranus Mercury, Mercury Sun Mars, , Mercury Jupiter Venus",Mercury Mercury Jupiter,"Earth Venus, Earth Jupiter, 669 435, Uranus Mercury, 775 342 435, Mercury Jupiter Venus"
"4, 20, 29, 38, 47, 56, ?",65,"Mars, Venus Sun, Venus Pluto, Earth Neptune, Mars Uranus, Jupiter Saturn, ",Saturn Jupiter,"435, Venus Sun, Venus Pluto, Earth Neptune, 435 670, Jupiter Saturn"
"9, 24, 69, 204, 609, ?",1824,"Pluto, Venus Mars, Saturn Pluto, Venus Sun Mars, Saturn Sun Pluto, ",Mercury Neptune Venus Mars,"564, Venus Mars, 669 564, Venus Sun Mars, Saturn Sun Pluto"
"582, 751, 555, 724, 528, ?",697,"Jupiter Neptune Venus, Uranus Jupiter Mercury, Jupiter Jupiter Jupiter, Uranus Venus Mars, Jupiter Venus Neptune, ",Saturn Pluto Uranus,"771 767 561, Uranus Jupiter Mercury, 771 771 771, Uranus Venus Mars, Jupiter Venus Neptune"
"14, 33, 71, 128, 204, ?",,"Mercury Mars, Earth Earth, Uranus Mercury, Mercury Venus Neptune, Venus Sun Mars, ",,"Mercury Mars, Earth Earth, 670 775, 775 561 767, Venus Sun Mars"
"8, 12, 18, 27, 40.5, 60.75, ?",91.125,"Neptune, Mercury Venus, Mercury Neptune, Venus Uranus, Mars Sun Jupiter, Saturn Sun Uranus Jupiter, ",Pluto Mercury Mercury Venus Jupiter,"Neptune, 775 561, Mercury Neptune, 561 670, Mars Sun Jupiter, Saturn Sun Uranus Jupiter"
"13, 15, 21, 37, 77, 173, ?",397,"Mercury Earth, Mercury Jupiter, Venus Mercury, Earth Uranus, Uranus Uranus, Mercury Uranus Earth, ",Earth Pluto Uranus,"775 532, Mercury Jupiter, 561 775, Earth Uranus, Uranus Uranus, Mercury Uranus Earth"
"8648, 8834, 9022, 9212, 9404, 9598, ?",9794,"Neptune Saturn Mars Neptune, Neptune Neptune Earth Mars, Pluto Sun Venus Venus, Pluto Venus Mercury Venus, Pluto Mars Sun Mars, Pluto Jupiter Pluto Neptune, ",Pluto Uranus Pluto Mars,"Neptune Saturn Mars Neptune, 767 767 532 435, Pluto Sun Venus Venus, Pluto Venus Mercury Venus, 564 435 342 435, Pluto Jupiter Pluto Neptune"
"23, 21, 45, 131, 529, ?, 15841",2639,"Venus Earth, Venus Mercury, Mars Jupiter, Mercury Earth Mercury, Jupiter Venus Pluto, , Mercury Jupiter Neptune Mars Mercury",Venus Saturn Earth Pluto,"561 532, Venus Mercury, Mars Jupiter, Mercury Earth Mercury, 771 561 564, Mercury Jupiter Neptune Mars Mercury"
"64, 88, 152, 162, 174, ?",202,"Saturn Mars, Neptune Neptune, Mercury Jupiter Venus, Mercury Saturn Venus, Mercury Uranus Mars, ",Venus Sun Venus,"669 435, 767 767, 775 771 561, Mercury Saturn Venus, Mercury Uranus Mars"
"43, 47, 56, 81, 130, ?",251,"Mars Earth, Mars Uranus, Jupiter Saturn, Neptune Mercury, Mercury Earth Sun, ",Venus Jupiter Mercury,"Mars Earth, 435 670, 771 669, Neptune Mercury, 775 532 342"
"1022, 1009, 983, 944, 892, ?",827,"Mercury Sun Venus Venus, Mercury Sun Sun Pluto, Pluto Neptune Earth, Pluto Mars Mars, Neptune Pluto Venus, ",Neptune Venus Uranus,"775 342 561 561, Mercury Sun Sun Pluto, 564 767 532, Pluto Mars Mars, 767 564 561"
"1025, 1024, 1019, 1005, 975, ?",920,"Mercury Sun Venus Jupiter, Mercury Sun Venus Mars, Mercury Sun Mercury Pluto, Mercury Sun Sun Jupiter, Pluto Uranus Jupiter, ",Pluto Venus Sun,"775 342 561 771, Mercury Sun Venus Mars, 775 342 775 564, 775 342 342 771, Pluto Uranus Jupiter"
"196, 201, 208.5, 218.5, 231, ?",246,"Mercury Pluto Saturn, Venus Sun Mercury, Venus Sun Neptune Jupiter, Venus Mercury Neptune Jupiter, Venus Earth Mercury, ",Venus Mars Saturn,"775 564 669, 561 342 775, 561 342 767 771, Venus Mercury Neptune Jupiter, Venus Earth Mercury"
"489, 510, 516, 528, 543, 555, ?",570,"Mars Neptune Pluto, Jupiter Mercury Sun, Jupiter Mercury Saturn, Jupiter Venus Neptune, Jupiter Mars Earth, Jupiter Jupiter Jupiter, ",Jupiter Uranus Sun,"435 767 564, 771 775 342, Jupiter Mercury Saturn, Jupiter Venus Neptune, Jupiter Mars Earth, 771 771 771"
"81, 91, 109, 146, 221, 351, ?",576,"Neptune Mercury, Pluto Mercury, Mercury Sun Pluto, Mercury Mars Saturn, Venus Venus Mercury, Earth Jupiter Mercury, ",Jupiter Uranus Saturn,"767 775, Pluto Mercury, Mercury Sun Pluto, Mercury Mars Saturn, 561 561 775, 532 771 775"
"540, 538, 534, 526, 510, ?, 414",478,"Jupiter Mars Sun, Jupiter Earth Neptune, Jupiter Earth Mars, Jupiter Venus Saturn, Jupiter Mercury Sun, , Mars Mercury Mars",Mars Uranus Neptune,"771 435 342, Jupiter Earth Neptune, Jupiter Earth Mars, 771 561 669, Jupiter Mercury Sun, 435 775 435"
"32, 24, 20, 18, 17, ?",16.5,"Earth Venus, Venus Mars, Venus Sun, Mercury Neptune, Mercury Uranus, ",Mercury Saturn Jupiter,"532 561, 561 435, Venus Sun, Mercury Neptune, 775 670"
"1, 3, 9, 39, 249, 2559, ?",32589,"Mercury, Earth, Pluto, Earth Pluto, Venus Mars Pluto, Venus Jupiter Jupiter Pluto, ",Earth Venus Jupiter Neptune Pluto,"Mercury, 532, Pluto, 532 564, Venus Mars Pluto, 561 771 771 564"
"704, 88, 22, 8.25, ?",4.125,"Uranus Sun Mars, Neptune Neptune, Venus Venus, Neptune Venus Jupiter, ",Mars Mercury Venus Jupiter,"Uranus Sun Mars, 767 767, 561 561, 767 561 771"
"2, 10, 30, 68, 130, ?",222,"Venus, Mercury Sun, Earth Sun, Saturn Neptune, Mercury Earth Sun, ",Venus Venus Venus,"Venus, 775 342, 532 342, Saturn Neptune, 775 532 342"
"1, 4, 15, 28, 57, 88, ?",143,"Mercury, Mars, Mercury Jupiter, Venus Neptune, Jupiter Uranus, Neptune Neptune, ",Mercury Mars Earth,"Mercury, Mars, 775 771, 561 767, Jupiter Uranus, 767 767"
"122, 171, 228, 293, 366, ?",447,"Mercury Venus Venus, Mercury Uranus Mercury, Venus Venus Neptune, Venus Pluto Earth, Earth Saturn Saturn, ",Mars Mars Uranus,"775 561 561, Mercury Uranus Mercury, Venus Venus Neptune, 561 564 532, 532 669 669"
"13, 15, 19, 27, 43, ?",75,"Mercury Earth, Mercury Jupiter, Mercury Pluto, Venus Uranus, Mars Earth, ",Uranus Jupiter,"775 532, 775 771, Mercury Pluto, Venus Uranus, 435 532"
"25, 33, 54, 99, 179, ?",305,"Venus Jupiter, Earth Earth, Jupiter Mars, Pluto Pluto, Mercury Uranus Pluto, ",Earth Sun Jupiter,"561 771, Earth Earth, 771 435, Pluto Pluto, 775 670 564"
"384, 377, 356, 321, ?, 209",272,"Earth Neptune Mars, Earth Uranus Uranus, Earth Jupiter Saturn, Earth Venus Mercury, , Venus Sun Pluto",Venus Uranus Venus,"Earth Neptune Mars, 532 670 670, 532 771 669, Earth Venus Mercury, 561 342 564"
"5, 9, 16, 32, 75, ?",199,"Jupiter, Pluto, Mercury Saturn, Earth Venus, Uranus Jupiter, ",Mercury Pluto Pluto,"771, 564, Mercury Saturn, 532 561, Uranus Jupiter"
"3, 16, 45, 96, 175, ?",288,"Earth, Mercury Saturn, Mars Jupiter, Pluto Saturn, Mercury Uranus Jupiter, ",Venus Neptune Neptune,"532, 775 669, Mars Jupiter, Pluto Saturn, 775 670 771"
"3, 11, 29, 67, 145, ?",303,"Earth, Mercury Mercury, Venus Pluto, Saturn Uranus, Mercury Mars Jupiter, ",Earth Sun Earth,"532, Mercury Mercury, 561 564, Saturn Uranus, 775 435 771"
"2, 12, 36, 80, 150, 252, ?",392,"Venus, Mercury Venus, Earth Saturn, Neptune Sun, Mercury Jupiter Sun, Venus Jupiter Venus, ",Earth Pluto Venus,"Venus, 775 561, 532 669, Neptune Sun, 775 771 342, Venus Jupiter Venus"
"1, 5, 19, 81, 411, ?",2884,"Mercury, Jupiter, Mercury Pluto, Neptune Mercury, Mars Mercury Mercury, ",Venus Neptune Neptune Mars,"Mercury, 771, 775 564, 767 775, Mars Mercury Mercury"
"9, 20, 36, 78, 148, 306, ?",600,"Pluto, Venus Sun, Earth Saturn, Uranus Neptune, Mercury Mars Neptune, Earth Sun Saturn, ",Saturn Sun Sun,"Pluto, 561 342, Earth Saturn, 670 767, 775 435 767, Earth Sun Saturn"
"17, 33, 64, 124, 240, 464, ?",896,"Mercury Uranus, Earth Earth, Saturn Mars, Mercury Venus Mars, Venus Mars Sun, Mars Saturn Mars, ",Neptune Pluto Saturn,"Mercury Uranus, 532 532, Saturn Mars, 775 561 435, 561 435 342, Mars Saturn Mars"
"15, 19, 83, 119, 631, ?",731,"Mercury Jupiter, Mercury Pluto, Neptune Earth, Mercury Mercury Pluto, Saturn Earth Mercury, ",Uranus Earth Mercury,"775 771, 775 564, Neptune Earth, 775 775 564, Saturn Earth Mercury"
"15, 22, 40, 75, 133, ?",220,"Mercury Jupiter, Venus Venus, Mars Sun, Uranus Jupiter, Mercury Earth Earth, ",Venus Venus Sun,"Mercury Jupiter, 561 561, 435 342, 670 771, Mercury Earth Earth"
"24, 31, 52, 87, 136, ?",199,"Venus Mars, Earth Mercury, Jupiter Venus, Neptune Uranus, Mercury Earth Saturn, ",Mercury Pluto Pluto,"Venus Mars, Earth Mercury, 771 561, 767 670, 775 532 669"
"15, 8, 9, ?, 32, 82.5, 250.5",15,"Mercury Jupiter, Neptune, Pluto, , Earth Venus, Neptune Venus Jupiter, Venus Jupiter Sun Jupiter",Mercury Jupiter,"775 771, Neptune, Pluto, Earth Venus, 767 561 771, 561 771 342 771"
"1, 9, 61, 497, 4981, ?",59785,"Mercury, Pluto, Saturn Mercury, Mars Pluto Uranus, Mars Pluto Neptune Mercury, ",Jupiter Pluto Uranus Neptune Jupiter,"775, Pluto, 669 775, 435 564 670, Mars Pluto Neptune Mercury"
"2, 5, 23, 119, ?, 4079",659,"Venus, Jupiter, Venus Earth, Mercury Mercury Pluto, , Mars Sun Uranus Pluto",Saturn Jupiter Pluto,"561, 771, Venus Earth, Mercury Mercury Pluto, 435 342 670 564"
"3, 4, 14, 73, 515, ?",4640,"Earth, Mars, Mercury Mars, Uranus Earth, Jupiter Mercury Jupiter, ",Mars Saturn Mars Sun,"532, Mars, Mercury Mars, 670 532, 771 775 771"
"7, 16, 30, 62, 122, ?",246,"Uranus, Mercury Saturn, Earth Sun, Saturn Venus, Mercury Venus Venus, ",Venus Mars Saturn,"Uranus, 775 669, Earth Sun, 669 561, 775 561 561"
"11043, 11056, 11045, 11054, 11047, ?",11052,"Mercury Mercury Sun Mars Earth, Mercury Mercury Sun Jupiter Saturn, Mercury Mercury Sun Mars Jupiter, Mercury Mercury Sun Jupiter Mars, Mercury Mercury Sun Mars Uranus, ",Mercury Mercury Sun Jupiter Venus,"775 775 342 435 532, 775 775 342 771 669, Mercury Mercury Sun Mars Jupiter, 775 775 342 771 435, Mercury Mercury Sun Mars Uranus"
"256, 128, 192, 480, ?, 7560",1680,"Venus Jupiter Saturn, Mercury Venus Neptune, Mercury Pluto Venus, Mars Neptune Sun, , Uranus Jupiter Saturn Sun",Mercury Saturn Neptune Sun,"561 771 669, Mercury Venus Neptune, Mercury Pluto Venus, 435 767 342, 670 771 669 342"
"47, 48, 51, 60, 87, ?",168,"Mars Uranus, Mars Neptune, Jupiter Mercury, Saturn Sun, Neptune Uranus, ",Mercury Saturn Neptune,"435 670, Mars Neptune, Jupiter Mercury, 669 342, 767 670"
"147, 148, 150, 159, 223, ?",848,"Mercury Mars Uranus, Mercury Mars Neptune, Mercury Jupiter Sun, Mercury Jupiter Pluto, Venus Venus Earth, ",Neptune Mars Neptune,"Mercury Mars Uranus, 775 435 767, Mercury Jupiter Sun, 775 771 564, 561 561 532"
"145, 158, 119, 184, 93, ?",210,"Mercury Mars Jupiter, Mercury Jupiter Neptune, Mercury Mercury Pluto, Mercury Neptune Mars, Pluto Earth, ",Venus Mercury Sun,"775 435 771, Mercury Jupiter Neptune, Mercury Mercury Pluto, 775 767 435, 564 532"
"143, 151, 158, 172, 182, ?",193,"Mercury Mars Earth, Mercury Jupiter Mercury, Mercury Jupiter Neptune, Mercury Uranus Venus, Mercury Neptune Venus, ",Mercury Pluto Earth,"775 435 532, Mercury Jupiter Mercury, Mercury Jupiter Neptune, 775 670 561, 775 767 561"
"47, 78, 115, 164, 231, ?",322,"Mars Uranus, Uranus Neptune, Mercury Mercury Jupiter, Mercury Saturn Mars, Venus Earth Mercury, ",Earth Venus Venus,"435 670, 670 767, Mercury Mercury Jupiter, 775 669 435, Venus Earth Mercury"
"19, 61, 31, 47, ?, 19",55,"Mercury Pluto, Saturn Mercury, Earth Mercury, Mars Uranus, , Mercury Pluto",Jupiter Jupiter,"Mercury Pluto, 669 775, 532 775, 435 670, Mercury Pluto"
"21, ?, 52, 80, 119, 171",33,"Venus Mercury, , Jupiter Venus, Neptune Sun, Mercury Mercury Pluto, Mercury Uranus Mercury",Earth Earth,"561 775, Jupiter Venus, Neptune Sun, 775 775 564, 775 670 775"
"768, 576, 432, 324, ?, 182.25",243,"Uranus Saturn Neptune, Jupiter Uranus Saturn, Mars Earth Venus, Earth Venus Mars, , Mercury Neptune Venus Venus Jupiter",Venus Mars Earth,"670 669 767, 771 670 669, 435 532 561, Earth Venus Mars, Mercury Neptune Venus Venus Jupiter"
"524, 260, 128, 62, ?, 12.5",29,"Jupiter Venus Mars, Venus Saturn Sun, Mercury Venus Neptune, Saturn Venus, , Mercury Venus Jupiter",Venus Pluto,"771 561 435, Venus Saturn Sun, 775 561 767, Saturn Venus, 775 561 771"
"4, 4, 11, 37, 100, ?",224,"Mars, Mars, Mercury Mercury, Earth Uranus, Mercury Sun Sun, ",Venus Venus Mars,"435, Mars, 775 775, 532 670, Mercury Sun Sun"
"4, 20, 51, 105, ?, 314",190,"Mars, Venus Sun, Jupiter Mercury, Mercury Sun Jupiter, , Earth Mercury Mars",Mercury Pluto Sun,"Mars, Venus Sun, 771 775, 775 342 771, 532 775 435"
"67, ?, 84.5, 97, 112, 129.5, 149.5",77,"Saturn Uranus, , Neptune Mars Jupiter, Pluto Uranus, Mercury Mercury Venus, Mercury Venus Pluto Jupiter, Mercury Mars Pluto Jupiter",Uranus Uranus,"669 670, 767 435 771, Pluto Uranus, Mercury Mercury Venus, 775 561 564 771, Mercury Mars Pluto Jupiter"
"3, 10, ?, 225, 1591, 14334",42,"Earth, Mercury Sun, , Venus Venus Jupiter, Mercury Jupiter Pluto Mercury, Mercury Mars Earth Earth Mars",Mars Venus,"532, Mercury Sun, Venus Venus Jupiter, 775 771 564 775, 775 435 532 532 435"
"2, 7, 63, 420, ?, 20741",2968,"Venus, Uranus, Saturn Earth, Mars Venus Sun, , Venus Sun Uranus Mars Mercury",Venus Pluto Saturn Neptune,"561, Uranus, 669 532, Mars Venus Sun, 561 342 670 435 775"
"462, 552, 650, 756, 870, 992, ?",1122,"Mars Saturn Venus, Jupiter Jupiter Venus, Saturn Jupiter Sun, Uranus Jupiter Saturn, Neptune Uranus Sun, Pluto Pluto Venus, ",Mercury Mercury Venus Venus,"435 669 561, 771 771 561, Saturn Jupiter Sun, 670 771 669, Neptune Uranus Sun, Pluto Pluto Venus"
"17, 23, 83, 293, 797, ?",1787,"Mercury Uranus, Venus Earth, Neptune Earth, Venus Pluto Earth, Uranus Pluto Uranus, ",Mercury Uranus Neptune Uranus,"Mercury Uranus, 561 532, 767 532, Venus Pluto Earth, 670 564 670"
"18, 23, 42, 83, 154, ?",265,"Mercury Neptune, Venus Earth, Mars Venus, Neptune Earth, Mercury Jupiter Mars, ",Venus Saturn Jupiter,"775 767, Venus Earth, 435 561, 767 532, 775 771 435"
"12, 5, 9, 13, 17, ?",21,"Mercury Venus, Jupiter, Pluto, Mercury Earth, Mercury Uranus, ",Venus Mercury,"775 561, 771, 564, 775 532, Mercury Uranus"
"46, 57, 70, 81, ?, 105",94,"Mars Saturn, Jupiter Uranus, Uranus Sun, Neptune Mercury, , Mercury Sun Jupiter",Pluto Mars,"Mars Saturn, 771 670, 670 342, 767 775, 775 342 771"
"16, 16, 33, 50, 67, ?",84,"Mercury Saturn, Mercury Saturn, Earth Earth, Jupiter Sun, Saturn Uranus, ",Neptune Mars,"Mercury Saturn, 775 669, 532 532, 771 342, 669 670"
"105, 118, 111.5, 124.5, 118, ?",131,"Mercury Sun Jupiter, Mercury Mercury Neptune, Mercury Mercury Mercury Jupiter, Mercury Venus Mars Jupiter, Mercury Mercury Neptune, ",Mercury Earth Mercury,"775 342 771, 775 775 767, Mercury Mercury Mercury Jupiter, 775 561 435 771, 775 775 767"
"5, 3, 6, 9, ?, 15",12,"Jupiter, Earth, Saturn, Pluto, , Mercury Jupiter",Mercury Venus,"771, 532, 669, 564, Mercury Jupiter"
"89, 91, 94, 99, ?, 117",106,"Neptune Pluto, Pluto Mercury, Pluto Mars, Pluto Pluto, , Mercury Mercury Uranus",Mercury Sun Saturn,"767 564, 564 775, 564 435, 564 564, Mercury Mercury Uranus"
"970, 849, 768, 719, 694, ?",675,"Pluto Uranus Sun, Neptune Mars Pluto, Uranus Saturn Neptune, Uranus Mercury Pluto, Saturn Pluto Mars, ",Saturn Uranus Jupiter,"564 670 342, 767 435 564, 670 669 767, Uranus Mercury Pluto, 669 564 435"
"40, 59, 97, 173, 325, ?",539,"Mars Sun, Jupiter Pluto, Pluto Uranus, Mercury Uranus Earth, Earth Venus Jupiter, ",Jupiter Earth Pluto,"435 342, Jupiter Pluto, 564 670, 775 670 532, 532 561 771"
"452, 790, 1466, 2818, 5522, ?",10930,"Mars Jupiter Venus, Uranus Pluto Sun, Mercury Mars Saturn Saturn, Venus Neptune Mercury Neptune, Jupiter Jupiter Venus Venus, ",Mercury Sun Pluto Earth Sun,"435 771 561, Uranus Pluto Sun, 775 435 669 669, 561 767 775 767, 771 771 561 561"
"10000, 2000, 400, 80, 16, ?",2.5,"Mercury Sun Sun Sun Sun, Venus Sun Sun Sun, Mars Sun Sun, Neptune Sun, Mercury Saturn, ",Venus Jupiter,"775 342 342 342 342, 561 342 342 342, 435 342 342, 767 342, Mercury Saturn"
"2, 10, 42, 170, 682, ?",3030,"Venus, Mercury Sun, Mars Venus, Mercury Uranus Sun, Saturn Neptune Venus, ",Earth Sun Earth Sun,"Venus, 775 342, 435 561, 775 670 342, 669 767 561"
"200, 220, 484, 1597.2, 7027.68, ?",40552.24,"Venus Sun Sun, Venus Venus Sun, Mars Neptune Mars, Mercury Jupiter Pluto Uranus Venus, Uranus Sun Venus Uranus Saturn Neptune, ",Mars Sun Jupiter Jupiter Venus Venus Mars,"Venus Sun Sun, 561 561 342, 435 767 435, 775 771 564 670 561, 670 342 561 670 669 767"
"10, 11, 26, 87, 364, ?",1845,"Mercury Sun, Mercury Mercury, Venus Saturn, Neptune Uranus, Earth Saturn Mars, ",Mercury Neptune Mars Jupiter,"Mercury Sun, 775 775, 561 669, 767 670, 532 669 435"
"2, 3, 10, 39, 172, ?",885,"Venus, Earth, Mercury Sun, Earth Pluto, Mercury Uranus Venus, ",Neptune Neptune Jupiter,"561, 532, 775 342, 532 564, Mercury Uranus Venus"
"4, 2, 3, 7.5, 26.25, ?",118.125,"Mars, Venus, Earth, Uranus Jupiter, Venus Saturn Venus Jupiter, ",Mercury Mercury Neptune Mercury Venus Jupiter,"435, 561, 532, 670 771, Venus Saturn Venus Jupiter"
"15, 16, 20, 29, 45, 70, 106, ?",148,"Mercury Jupiter, Mercury Saturn, Venus Sun, Venus Pluto, Mars Jupiter, Uranus Sun, Mercury Sun Saturn, ",Mercury Mars Neptune,"Mercury Jupiter, 775 669, 561 342, Venus Pluto, Mars Jupiter, 670 342, 775 342 669"
"842, ?, 2402, 3480, 4762",1000,"Neptune Mars Venus, , Venus Mars Sun Venus, Earth Mars Neptune Sun, Mars Uranus Saturn Venus",Mercury Sun Sun Sun,"767 435 561, 561 435 342 561, 532 435 767 342, 435 670 669 561"
"1, 9, 36, 100, 225, ?",441,"Mercury, Pluto, Earth Saturn, Mercury Sun Sun, Venus Venus Jupiter, ",Mars Mars Mercury,"775, Pluto, 532 669, 775 342 342, 561 561 771"
"43, 41, 44, 39, 46, ?",37,"Mars Earth, Mars Mercury, Mars Mars, Earth Pluto, Mars Saturn, ",Earth Uranus,"435 532, 435 775, Mars Mars, 532 564, 435 669"
"0, 4, 12, 76, ?",2766,"Sun, Mars, Mercury Venus, Uranus Saturn, ",Venus Uranus Saturn Saturn,"342, 435, 775 561, 670 669"
"14, 27, 53, 105, 209, ?",417,"Mercury Mars, Venus Uranus, Jupiter Earth, Mercury Sun Jupiter, Venus Sun Pluto, ",Mars Mercury Uranus,"775 435, 561 670, 771 532, 775 342 771, Venus Sun Pluto"
"43, 54, 76, 109, 153, ?",208,"Mars Earth, Jupiter Mars, Uranus Saturn, Mercury Sun Pluto, Mercury Jupiter Earth, ",Venus Sun Neptune,"435 532, 771 435, 670 669, Mercury Sun Pluto, 775 771 532"
"2, 3, 14, 69, 340, ?",1825,"Venus, Earth, Mercury Mars, Saturn Pluto, Earth Mars Sun, ",Mercury Neptune Venus Jupiter,"561, 532, 775 435, Saturn Pluto, 532 435 342"
"9827, 9706, 9606, 9525, 9461, ?",9412,"Pluto Neptune Venus Uranus, Pluto Uranus Sun Saturn, Pluto Saturn Sun Saturn, Pluto Jupiter Venus Jupiter, Pluto Mars Saturn Mercury, ",Pluto Mars Mercury Venus,"564 767 561 670, 564 670 342 669, 564 669 342 669, 564 771 561 771, Pluto Mars Saturn Mercury"
"1991, 1964, 1900, 1775, ?",1559,"Mercury Pluto Pluto Mercury, Mercury Pluto Saturn Mars, Mercury Pluto Sun Sun, Mercury Uranus Uranus Jupiter, ",Mercury Jupiter Jupiter Pluto,"775 564 564 775, 775 564 669 435, 775 564 342 342, 775 670 670 771"
"7, 56, 92, 117, 133, ?",142,"Uranus, Jupiter Saturn, Pluto Venus, Mercury Mercury Uranus, Mercury Earth Earth, ",Mercury Mars Venus,"670, 771 669, Pluto Venus, 775 775 670, 775 532 532"
"3, 17, 45, 87, 143, ?",213,"Earth, Mercury Uranus, Mars Jupiter, Neptune Uranus, Mercury Mars Earth, ",Venus Mercury Earth,"532, 775 670, Mars Jupiter, 767 670, 775 435 532"
"4, 2, 2, 3, 6, ?",15,"Mars, Venus, Venus, Earth, Saturn, ",Mercury Jupiter,"435, Venus, 561, 532, 669"
"729, 730, 734, 761, 1017, ?",4142,"Uranus Venus Pluto, Uranus Earth Sun, Uranus Earth Mars, Uranus Saturn Mercury, Mercury Sun Mercury Uranus, ",Mars Mercury Mars Venus,"670 561 564, 670 532 342, 670 532 435, 670 669 775, Mercury Sun Mercury Uranus"
"512, 256, 256, 384, 768, ?",1920,"Jupiter Mercury Venus, Venus Jupiter Saturn, Venus Jupiter Saturn, Earth Neptune Mars, Uranus Saturn Neptune, ",Mercury Pluto Venus Sun,"771 775 561, 561 771 669, 561 771 669, Earth Neptune Mars, 670 669 767"
"0, 2, 28, 93, 217, ?",434,"Sun, Venus, Venus Neptune, Pluto Earth, Venus Mercury Uranus, ",Mars Earth Mars,"Sun, 561, 561 767, 564 532, 561 775 670"
"125, 126, 130, 139, 155, 180, ?",216,"Mercury Venus Jupiter, Mercury Venus Saturn, Mercury Earth Sun, Mercury Earth Pluto, Mercury Jupiter Jupiter, Mercury Neptune Sun, ",Venus Mercury Saturn,"775 561 771, Mercury Venus Saturn, 775 532 342, Mercury Earth Pluto, 775 771 771, 775 767 342"
"1331, 1431, 1631, 1931, 2331, ?",2831,"Mercury Earth Earth Mercury, Mercury Mars Earth Mercury, Mercury Saturn Earth Mercury, Mercury Pluto Earth Mercury, Venus Earth Earth Mercury, ",Venus Neptune Earth Mercury,"775 532 532 775, Mercury Mars Earth Mercury, 775 669 532 775, 775 564 532 775, 561 532 532 775"
"7, 27, 93, 301, 915, 2775, 8361",301,"Uranus, Venus Uranus, Pluto Earth, Earth Sun Mercury, Pluto Mercury Jupiter, Venus Uranus Uranus Jupiter, Neptune Earth Saturn Mercury",Earth Sun Mercury,"Uranus, Venus Uranus, 564 532, 532 342 775, 564 775 771, Venus Uranus Uranus Jupiter, 767 532 669 775"
"201, 196, 181, 146, 121, 76, 21",146,"Venus Sun Mercury, Mercury Pluto Saturn, Mercury Neptune Mercury, Mercury Mars Saturn, Mercury Venus Mercury, Uranus Saturn, Venus Mercury",Mercury Mars Saturn,"561 342 775, Mercury Pluto Saturn, Mercury Neptune Mercury, 775 435 669, 775 561 775, 670 669, Venus Mercury"
"8, 37, 229, 1841, 18421, 231065",231065,"Neptune, Earth Uranus, Venus Venus Pluto, Mercury Neptune Mars Mercury, Mercury Neptune Mars Venus Mercury, Venus Earth Mercury Sun Saturn Jupiter",Venus Earth Mercury Sun Saturn Jupiter,"Neptune, 532 670, Venus Venus Pluto, 775 767 435 775, 775 767 435 561 775, 561 532 775 342 669 771"
"0, 10, 34, 82, 148, 250",82,"Sun, Mercury Sun, Earth Mars, Neptune Venus, Mercury Mars Neptune, Venus Jupiter Sun",Neptune Venus,"342, Mercury Sun, 532 435, 767 561, Mercury Mars Neptune, 561 771 342"
"1, 0, 6, -3, 40, 100",100,"Mercury, Sun, Saturn, Earth, Mars Sun, Mercury Sun Sun",Mercury Sun Sun,"Mercury, 342, 669, Earth, 435 342, 775 342 342"
"144, 361, 703, 1215, 1944, 2944",361,"Mercury Mars Mars, Earth Saturn Mercury, Uranus Sun Earth, Mercury Venus Mercury Jupiter, Mercury Pluto Mars Mars, Venus Pluto Mars Mars",Earth Saturn Mercury,"775 435 435, Earth Saturn Mercury, 670 342 532, 775 561 775 771, 775 564 435 435, Venus Pluto Mars Mars"
"24, 32, 42, 56, 78, 104",78,"Venus Mars, Earth Venus, Mars Venus, Jupiter Saturn, Uranus Neptune, Mercury Sun Mars",Uranus Neptune,"561 435, Earth Venus, 435 561, 771 669, 670 767, Mercury Sun Mars"
"40, 37, 45, 30, 54, 20",20,"Mars Sun, Earth Uranus, Mars Jupiter, Earth Sun, Jupiter Mars, Venus Sun",Venus Sun,"Mars Sun, Earth Uranus, 435 771, 532 342, 771 435, 561 342"
"86, 87, 92, 98, 106",87,"Neptune Saturn, Neptune Uranus, Pluto Venus, Pluto Neptune, Mercury Sun Saturn",Neptune Uranus,"767 669, 767 670, 564 561, 564 767, Mercury Sun Saturn"
"625, 663, 755, 745, 863, 835",863,"Saturn Venus Jupiter, Saturn Saturn Earth, Uranus Jupiter Jupiter, Uranus Mars Jupiter, Neptune Saturn Earth, Neptune Earth Jupiter",Neptune Saturn Earth,"Saturn Venus Jupiter, 669 669 532, 670 771 771, 670 435 771, Neptune Saturn Earth, 767 532 771"
"2, 4, 10, 34, 152, 874",152,"Venus, Mars, Mercury Sun, Earth Mars, Mercury Jupiter Venus, Neptune Uranus Mars",Mercury Jupiter Venus,"Venus, Mars, 775 342, 532 435, 775 771 561, 767 670 435"
"40, 45, 135, 442.5, 1285, 3837.5",135,"Mars Sun, Mars Jupiter, Mercury Earth Jupiter, Mars Mars Venus Jupiter, Mercury Venus Neptune Jupiter, Earth Neptune Earth Uranus Jupiter",Mercury Earth Jupiter,"435 342, Mars Jupiter, 775 532 771, Mars Mars Venus Jupiter, 775 561 767 771, 532 767 532 670 771"
"2, 11, 32, 71, 134, 229",229,"Venus, Mercury Mercury, Earth Venus, Uranus Mercury, Mercury Earth Mars, Venus Venus Pluto",Venus Venus Pluto,"Venus, 775 775, 532 561, 670 775, 775 532 435, Venus Venus Pluto"
"732, 744, 758, 780, 795, 816",758,"Uranus Earth Venus, Uranus Mars Mars, Uranus Jupiter Neptune, Uranus Neptune Sun, Uranus Pluto Jupiter, Neptune Mercury Saturn",Uranus Jupiter Neptune,"Uranus Earth Venus, 670 435 435, 670 771 767, 670 767 342, Uranus Pluto Jupiter, 767 775 669"
"7, 14, 32, 60, 132, 186",132,"Uranus, Mercury Mars, Earth Venus, Saturn Sun, Mercury Earth Venus, Mercury Neptune Saturn",Mercury Earth Venus,"670, 775 435, Earth Venus, 669 342, 775 532 561, Mercury Neptune Saturn"
"19, 32, 48, 71, 99, 134",48,"Mercury Pluto, Earth Venus, Mars Neptune, Uranus Mercury, Pluto Pluto, Mercury Earth Mars",Mars Neptune,"775 564, Earth Venus, 435 767, Uranus Mercury, 564 564, 775 532 435"
"-4, 16, -12, 32, -20, 96",32,"Mars, Mercury Saturn, Mercury Venus, Earth Venus, Venus Sun, Pluto Saturn",Earth Venus,"435, 775 669, 775 561, Earth Venus, 561 342, 564 669"
"3, 14, 39, 80, 155, 258",258,"Earth, Mercury Mars, Earth Pluto, Neptune Sun, Mercury Jupiter Jupiter, Venus Jupiter Neptune",Venus Jupiter Neptune,"532, 775 435, Earth Pluto, 767 342, 775 771 771, 561 771 767"
"6, 12, 24, 42, 66, 95",95,"Saturn, Mercury Venus, Venus Mars, Mars Venus, Saturn Saturn, Pluto Jupiter",Pluto Jupiter,"Saturn, 775 561, 561 435, 435 561, 669 669, 564 771"
"121, 145, 171, 199, 229, 264",264,"Mercury Venus Mercury, Mercury Mars Jupiter, Mercury Uranus Mercury, Mercury Pluto Pluto, Venus Venus Pluto, Venus Saturn Mars",Venus Saturn Mars,"775 561 775, 775 435 771, 775 670 775, 775 564 564, Venus Venus Pluto, 561 669 435"
"60, 90, 180, 450, 1360, 4725",1360,"Saturn Sun, Pluto Sun, Mercury Neptune Sun, Mars Jupiter Sun, Mercury Earth Saturn Sun, Mars Uranus Venus Jupiter",Mercury Earth Saturn Sun,"669 342, 564 342, Mercury Neptune Sun, 435 771 342, 775 532 669 342, 435 670 561 771"
"1, 6, 19, 40, 69, 107",107,"Mercury, Saturn, Mercury Pluto, Mars Sun, Saturn Pluto, Mercury Sun Uranus",Mercury Sun Uranus,"775, 669, Mercury Pluto, 435 342, 669 564, 775 342 670"
"5, 10, 30, 150, 600, 3600",150,"Jupiter, Mercury Sun, Earth Sun, Mercury Jupiter Sun, Saturn Sun Sun, Earth Saturn Sun Sun",Mercury Jupiter Sun,"Jupiter, 775 342, 532 342, 775 771 342, 669 342 342, 532 669 342 342"
"25, 55, 115, 235, 480, 955",480,"Venus Jupiter, Jupiter Jupiter, Mercury Mercury Jupiter, Venus Earth Jupiter, Mars Neptune Sun, Pluto Jupiter Jupiter",Mars Neptune Sun,"Venus Jupiter, 771 771, 775 775 771, 561 532 771, 435 767 342, 564 771 771"
"1, 122, 291, 516, 806, 1166",806,"Mercury, Mercury Venus Venus, Venus Pluto Mercury, Jupiter Mercury Saturn, Neptune Sun Saturn, Mercury Mercury Saturn Saturn",Neptune Sun Saturn,"Mercury, 775 561 561, 561 564 775, 771 775 669, 767 342 669, 775 775 669 669"
"225, 236, 260, 301, 355, 430",301,"Venus Venus Jupiter, Venus Earth Saturn, Venus Saturn Sun, Earth Sun Mercury, Earth Jupiter Jupiter, Mars Earth Sun",Earth Sun Mercury,"Venus Venus Jupiter, 561 532 669, 561 669 342, 532 342 775, 532 771 771, 435 532 342"
"26, 58, 127, 264, 625, 1016",625,"Venus Saturn, Jupiter Neptune, Mercury Venus Uranus, Venus Saturn Mars, Saturn Venus Jupiter, Mercury Sun Mercury Saturn",Saturn Venus Jupiter,"561 669, 771 767, 775 561 670, 561 669 435, 669 561 771, Mercury Sun Mercury Saturn"
"110, 166, 136, 240, 170, 333",333,"Mercury Mercury Sun, Mercury Saturn Saturn, Mercury Earth Saturn, Venus Mars Sun, Mercury Uranus Sun, Earth Earth Earth",Earth Earth Earth,"775 775 342, Mercury Saturn Saturn, 775 532 669, 561 435 342, 775 670 342, 532 532 532"
"25, 37.5, 62.5, 100, 162.5, 212.5",162.5,"Venus Jupiter, Earth Uranus Jupiter, Saturn Venus Jupiter, Mercury Sun Sun, Mercury Saturn Venus Jupiter, Venus Mercury Venus Jupiter",Mercury Saturn Venus Jupiter,"561 771, 532 670 771, 669 561 771, 775 342 342, Mercury Saturn Venus Jupiter, 561 775 561 771"
"7, 6, 3, -6, ?, -114",-33,"Uranus, Saturn, Earth, Saturn, , Mercury Mercury Mars",Earth Earth,"670, 669, 532, 669, 775 775 435"
"6, 42, 164, 450, 1002, ?",1936,"Saturn, Mars Venus, Mercury Saturn Mars, Mars Jupiter Sun, Mercury Sun Sun Venus, ",Mercury Pluto Earth Saturn,"669, 435 561, 775 669 435, 435 771 342, 775 342 342 561"
"8, 14, 23, 36.5, ?, 87.125",49.75,"Neptune, Mercury Mars, Venus Earth, Earth Saturn Jupiter, , Neptune Uranus Mercury Venus Jupiter",Mars Pluto Uranus Jupiter,"767, 775 435, 561 532, 532 669 771, 767 670 775 561 771"
"3, 7, 15, 31, ?, 127",53,"Earth, Uranus, Mercury Jupiter, Earth Mercury, , Mercury Venus Uranus",Jupiter Earth,"532, 670, 775 771, 532 775, 775 561 670"
"2, 36, 150, 392, 810, ?, 2366",1728,"Venus, Earth Saturn, Mercury Jupiter Sun, Earth Pluto Venus, Neptune Mercury Sun, , Venus Earth Saturn Saturn",Mercury Uranus Venus Neptune,"561, 532 669, Mercury Jupiter Sun, 532 564 561, 767 775 342, 561 532 669 669"
"88, 115, 144, 175, 208, ?",234,"Neptune Neptune, Mercury Mercury Jupiter, Mercury Mars Mars, Mercury Uranus Jupiter, Venus Sun Neptune, ",Venus Earth Mars,"767 767, 775 775 771, 775 435 435, 775 670 771, 561 342 767"
"448, 294, 180, 100, 48, 18, ?",8,"Mars Mars Neptune, Venus Pluto Mars, Mercury Neptune Sun, Mercury Sun Sun, Mars Neptune, Mercury Neptune, ",Neptune,"435 435 767, 561 564 435, 775 767 342, 775 342 342, 435 767, Mercury Neptune"
"2, 14, 42, 92, 170, ?",285,"Venus, Mercury Mars, Mars Venus, Pluto Venus, Mercury Uranus Sun, ",Venus Neptune Jupiter,"561, 775 435, 435 561, 564 561, 775 670 342"
"5, 20, 320, 1280, 20480, ?",81920,"Jupiter, Venus Sun, Earth Venus Sun, Mercury Venus Neptune Sun, Venus Sun Mars Neptune Sun, ",Neptune Mercury Pluto Venus Sun,"771, 561 342, 532 561 342, 775 561 767 342, 561 342 435 767 342"
"10, 16, 34, 70, 130, ?",220,"Mercury Sun, Mercury Saturn, Earth Mars, Uranus Sun, Mercury Earth Sun, ",Venus Venus Sun,"775 342, 775 669, 532 435, 670 342, 775 532 342"
"135135, 12285, 1365, 195, ?, 13",39,"Mercury Earth Jupiter Mercury Earth Jupiter, Mercury Venus Venus Neptune Jupiter, Mercury Earth Saturn Jupiter, Mercury Pluto Jupiter, , Mercury Earth",Earth Pluto,"775 532 771 775 532 771, 775 561 561 767 771, 775 532 669 771, 775 564 771, 775 532"
"9, 13, 20, 36, 79, ?",203,"Pluto, Mercury Earth, Venus Sun, Earth Saturn, Uranus Pluto, ",Venus Sun Earth,"564, 775 532, 561 342, 532 669, 670 564"
"7, 14, 28, 49, 77, ?",112,"Uranus, Mercury Mars, Venus Neptune, Mars Pluto, Uranus Uranus, ",Mercury Mercury Venus,"670, 775 435, 561 767, 435 564, 670 670"
"9, 6, 19, 14, 39, ?",30,"Pluto, Saturn, Mercury Pluto, Mercury Mars, Earth Pluto, ",Earth Sun,"564, 669, 775 564, 775 435, 532 564"
"12, 38, 90, 194, 402, ?",818,"Mercury Venus, Earth Neptune, Pluto Sun, Mercury Pluto Mars, Mars Sun Venus, ",Neptune Mercury Neptune,"775 561, 532 767, 564 342, 775 564 435, 435 342 561"
"18, 16, 29, 83, 327, ?",1629,"Mercury Neptune, Mercury Saturn, Venus Pluto, Neptune Earth, Earth Venus Uranus, ",Mercury Saturn Venus Pluto,"775 767, 775 669, 561 564, 767 532, 532 561 670"
"8, 16, 36, 74, 136, 228, ?",356,"Neptune, Mercury Saturn, Earth Saturn, Uranus Mars, Mercury Earth Saturn, Venus Venus Neptune, ",Earth Jupiter Saturn,"767, 775 669, 532 669, 670 435, 775 532 669, Venus Venus Neptune"
"4, 18, 85, 336, 1005, ?",2008,"Mars, Mercury Neptune, Neptune Jupiter, Earth Earth Saturn, Mercury Sun Sun Jupiter, ",Venus Sun Sun Neptune,"435, 775 767, 767 771, 532 532 669, 775 342 342 771"
"9, 265, 393, 457, 489, ?",505,"Pluto, Venus Saturn Jupiter, Earth Pluto Earth, Mars Jupiter Uranus, Mars Neptune Pluto, ",Jupiter Sun Jupiter,"564, 561 669 771, 532 564 532, 435 771 670, 435 767 564"
"7, 17, 35, 63, 103, ?",157,"Uranus, Mercury Uranus, Earth Jupiter, Saturn Earth, Mercury Sun Earth, ",Mercury Jupiter Uranus,"670, 775 670, 532 771, 669 532, 775 342 532"
"40, 82, 249, 1250, ?",8757,"Mars Sun, Neptune Venus, Venus Mars Pluto, Mercury Venus Jupiter Sun, ",Neptune Uranus Jupiter Uranus,"435 342, 767 561, 561 435 564, 775 561 771 342"
"24, 70, 144, 252, 400, ?",594,"Venus Mars, Uranus Sun, Mercury Mars Mars, Venus Jupiter Venus, Mars Sun Sun, ",Jupiter Pluto Mars,"561 435, 670 342, 775 435 435, 561 771 561, 435 342 342"
"33, 47, 53, 61, 71, ?",83,"Earth Earth, Mars Uranus, Jupiter Earth, Saturn Mercury, Uranus Mercury, ",Neptune Earth,"532 532, 435 670, 771 532, 669 775, 670 775"
"660, 656, 620, 520, 324, ?",0,"Saturn Saturn Sun, Saturn Jupiter Saturn, Saturn Venus Sun, Jupiter Venus Sun, Earth Venus Mars, ",Sun,"669 669 342, 669 771 669, 669 561 342, 771 561 342, 532 561 435"
"133, 207, 353, 501, 741, ?",987,"Mercury Earth Earth, Venus Sun Uranus, Earth Jupiter Earth, Jupiter Sun Mercury, Uranus Mars Mercury, ",Pluto Neptune Uranus,"775 532 532, 561 342 670, 532 771 532, 771 342 775, 670 435 775"
"8.5, 24, ?, 79, 118.5, 166",47.5,"Neptune Jupiter, Venus Mars, , Uranus Pluto, Mercury Mercury Neptune Jupiter, Mercury Saturn Saturn",Mars Uranus Jupiter,"767 771, 561 435, 670 564, 775 775 767 771, 775 669 669"
"2048, 516, 1032, 262, ?, 135, 270",524,"Venus Sun Mars Neptune, Jupiter Mercury Saturn, Mercury Sun Earth Venus, Venus Saturn Venus, , Mercury Earth Jupiter, Venus Uranus Sun",Jupiter Venus Mars,"561 342 435 767, 771 775 669, 775 342 532 561, 561 669 561, Mercury Earth Jupiter, 561 670 342"
"7, 9, 12, 48, ?, 890",172,"Uranus, Pluto, Mercury Venus, Mars Neptune, , Neptune Pluto Sun",Mercury Uranus Venus,"670, 564, 775 561, 435 767, 767 564 342"
"47, 58, 71, 79, 95, ?",109,"Mars Uranus, Jupiter Neptune, Uranus Mercury, Uranus Pluto, Pluto Jupiter, ",Mercury Sun Pluto,"435 670, 771 767, 670 775, 670 564, 564 771"
"8, 39, 79, 394, 789, ?",3944,"Neptune, Earth Pluto, Uranus Pluto, Earth Pluto Mars, Uranus Neptune Pluto, ",Earth Pluto Mars Mars,"767, 532 564, 670 564, 532 564 435, 670 767 564"
"15, 17, 26, 47, 86, ?",149,"Mercury Jupiter, Mercury Uranus, Venus Saturn, Mars Uranus, Neptune Saturn, ",Mercury Mars Pluto,"775 771, 775 670, 561 669, 435 670, 767 669"
"3, 9, 24, 57, ?, 267, 552",126,"Earth, Pluto, Venus Mars, Jupiter Uranus, , Venus Saturn Uranus, Jupiter Jupiter Venus",Mercury Venus Saturn,"532, 564, Venus Mars, 771 670, 561 669 670, 771 771 561"
"2, 8, 28, 102, 432, ?",2190,"Venus, Neptune, Venus Neptune, Mercury Sun Venus, Mars Earth Venus, ",Venus Mercury Pluto Sun,"561, 767, 561 767, 775 342 561, 435 532 561"
"6, 16, 44, 126, 370, ?",1100,"Saturn, Mercury Saturn, Mars Mars, Mercury Venus Saturn, Earth Uranus Sun, ",Mercury Mercury Sun Sun,"669, 775 669, 435 435, 775 561 669, 532 670 342"
"51, 77, 175, 250, 279, ?",413,"Jupiter Mercury, Uranus Uranus, Mercury Uranus Jupiter, Venus Jupiter Sun, Venus Uranus Pluto, ",Mars Mercury Earth,"771 775, 670 670, 775 670 771, 561 771 342, 561 670 564"
"2, 2, 5, 15.5, ?, 267.125",58.25,"Venus, Venus, Jupiter, Mercury Jupiter Jupiter, , Venus Saturn Uranus Mercury Venus Jupiter",Jupiter Neptune Venus Jupiter,"561, 561, 771, 775 771 771, 561 669 670 775 561 771"
"219, 223, 232, 248, ?",273,"Venus Mercury Pluto, Venus Venus Earth, Venus Earth Venus, Venus Mars Neptune, ",Venus Uranus Earth,"561 775 564, 561 561 532, 561 532 561, 561 435 767"
"10, 17.5, 32.5, 55, 85, ?",122.5,"Mercury Sun, Mercury Uranus Jupiter, Earth Venus Jupiter, Jupiter Jupiter, Neptune Jupiter, ",Mercury Venus Venus Jupiter,"775 342, 775 670 771, 532 561 771, 771 771, 767 771"
"1, 7, 16, 30, 51, ?",81,"Mercury, Uranus, Mercury Saturn, Earth Sun, Jupiter Mercury, ",Neptune Mercury,"775, 670, 775 669, 532 342, 771 775"
"0, 6, 24, 60, 120, ?",210,"Sun, Saturn, Venus Mars, Saturn Sun, Mercury Venus Sun, ",Venus Mercury Sun,"342, 669, 561 435, 669 342, 775 561 342"
"6, 6, 18, 90, 630, ?",5670,"Saturn, Saturn, Mercury Neptune, Pluto Sun, Saturn Earth Sun, ",Jupiter Saturn Uranus Sun,"669, 669, 775 767, 564 342, 669 532 342"
"27, 35, 47, 63, 83, ?",105,"Venus Uranus, Earth Jupiter, Mars Uranus, Saturn Earth, Neptune Earth, ",Mercury Sun Jupiter,"561 670, 532 771, 435 670, 669 532, 767 532"
"7, 12, 19, 31, 50, ?",79,"Uranus, Mercury Venus, Mercury Pluto, Earth Mercury, Jupiter Sun, ",Uranus Pluto,"670, 775 561, 775 564, 532 775, 771 342"
"2, 3, 8, 27, 112, ?",630,"Venus, Earth, Neptune, Venus Uranus, Mercury Mercury Venus, ",Saturn Earth Sun,"561, 532, 767, 561 670, 775 775 561"
"30, 128, 346, 732, ?, 2200",1334,"Earth Sun, Mercury Venus Neptune, Earth Mars Saturn, Uranus Earth Venus, , Venus Venus Sun Sun",Mercury Earth Earth Mars,"532 342, 775 561 767, 532 435 669, 670 532 561, 561 561 342 342"
"16800, 4200, 1050, 262.5, ?, 16.40625",65.625,"Mercury Saturn Neptune Sun Sun, Mars Venus Sun Sun, Mercury Sun Jupiter Sun, Venus Saturn Venus Jupiter, , Mercury Saturn Mars Sun Saturn Venus Jupiter",Saturn Jupiter Saturn Venus Jupiter,"775 669 767 342 342, 435 561 342 342, 775 342 771 342, 561 669 561 771, 775 669 435 342 669 561 771"
"156, 145, 123, 90, 46, ?",-9,"Mercury Jupiter Saturn, Mercury Mars Jupiter, Mercury Venus Earth, Pluto Sun, Mars Saturn, ",Pluto,"775 771 669, 775 435 771, 775 561 532, 564 342, 435 669"
"11, 12, 39, 164, 507, ?",1236,"Mercury Mercury, Mercury Venus, Earth Pluto, Mercury Saturn Mars, Jupiter Sun Uranus, ",Mercury Venus Earth Saturn,"775 775, 775 561, 532 564, 775 669 435, 771 342 670"
"120, 145, ?, 197, 224, 257",168,"Mercury Venus Sun, Mercury Mars Jupiter, , Mercury Pluto Uranus, Venus Venus Mars, Venus Jupiter Uranus",Mercury Saturn Neptune,"775 561 342, 775 435 771, 775 564 670, 561 561 435, 561 771 670"
"5, 36, 191, 966, ?, 24216",4841,"Jupiter, Earth Saturn, Mercury Pluto Mercury, Pluto Saturn Saturn, , Venus Mars Venus Mercury Saturn",Mars Neptune Mars Mercury,"771, 532 669, 775 564 775, 564 669 669, 561 435 561 775 669"
"144, 153, 171, 207, 279, ?",423,"Mercury Mars Mars, Mercury Jupiter Earth, Mercury Uranus Mercury, Venus Sun Uranus, Venus Uranus Pluto, ",Mars Venus Earth,"775 435 435, 775 771 532, 775 670 775, 561 342 670, 561 670 564"
"76, 304, ?, 43776, 1094400, 39398400",2736,"Uranus Saturn, Earth Sun Mars, , Mars Earth Uranus Uranus Saturn, Mercury Sun Pluto Mars Mars Sun Sun, Earth Pluto Earth Pluto Neptune Mars Sun Sun",Venus Uranus Earth Saturn,"670 669, 532 342 435, 435 532 670 670 669, 775 342 564 435 435 342 342, 532 564 532 564 767 435 342 342"
"2, 18, 36, ?, 98, 146, 188",68,"Venus, Mercury Neptune, Earth Saturn, , Pluto Neptune, Mercury Mars Saturn, Mercury Neptune Neptune",Saturn Neptune,"561, 775 767, 532 669, 564 767, 775 435 669, Mercury Neptune Neptune"
"94, 99, 108, 119, 130, ?, 144",139,"Pluto Mars, Pluto Pluto, Mercury Sun Neptune, Mercury Mercury Pluto, Mercury Earth Sun, , Mercury Mars Mars",Mercury Earth Pluto,"564 435, Pluto Pluto, 775 342 767, 775 775 564, 775 532 342, 775 435 435"
"15, 15, 25, 58.33, ?, 641.66, 2780.55",175,"Mercury Jupiter, Mercury Jupiter, Venus Jupiter, Jupiter Neptune Earth Earth, , Saturn Mars Mercury Saturn Saturn, Venus Uranus Neptune Sun Jupiter Jupiter",Mercury Uranus Jupiter,"775 771, 775 771, 561 771, 771 767 532 532, 669 435 775 669 669, Venus Uranus Neptune Sun Jupiter Jupiter"
"35, 65, ?, 725, 3605, 21605, 151205",185,"Earth Jupiter, Saturn Jupiter, , Uranus Venus Jupiter, Earth Saturn Sun Jupiter, Venus Mercury Saturn Sun Jupiter, Mercury Jupiter Mercury Venus Sun Jupiter",Mercury Neptune Jupiter,"532 771, 669 771, Uranus Venus Jupiter, 532 669 342 771, 561 775 669 342 771, 775 771 775 561 342 771"
"131, 231, 341, 461, ?, 731",591,"Mercury Earth Mercury, Venus Earth Mercury, Earth Mars Mercury, Mars Saturn Mercury, , Uranus Earth Mercury",Jupiter Pluto Mercury,"775 532 775, 561 532 775, 532 435 775, 435 669 775, 670 532 775"
"81, 108, 124, 249, ?, 628",285,"Neptune Mercury, Mercury Sun Neptune, Mercury Venus Mars, Venus Mars Pluto, , Saturn Venus Neptune",Venus Neptune Jupiter,"767 775, 775 342 767, 775 561 435, 561 435 564, 669 561 767"
"824, 568, 793, 597, 766, ?",622,"Neptune Venus Mars, Jupiter Saturn Neptune, Uranus Pluto Earth, Jupiter Pluto Uranus, Uranus Saturn Saturn, ",Saturn Venus Venus,"767 561 435, 771 669 767, 670 564 532, 771 564 670, 670 669 669"
"10.5, 20, 39, 67.5, ?, 153",105.5,"Mercury Sun Jupiter, Venus Sun, Earth Pluto, Saturn Uranus Jupiter, , Mercury Jupiter Earth",Mercury Sun Jupiter Jupiter,"775 342 771, 561 342, 532 564, 669 670 771, 775 771 532"
"9, 31, 73, 141, 241, ?",379,"Pluto, Earth Mercury, Uranus Earth, Mercury Mars Mercury, Venus Mars Mercury, ",Earth Uranus Pluto,"564, 532 775, 670 532, 775 435 775, 561 435 775"
"161, 159, 169, 227, 477, ?",1495,"Mercury Saturn Mercury, Mercury Jupiter Pluto, Mercury Saturn Pluto, Venus Venus Uranus, Mars Uranus Uranus, ",Mercury Mars Pluto Jupiter,"775 669 775, 775 771 564, 775 669 564, 561 561 670, 435 670 670"
"33, 26.5, ?, 64.75, 139.5, 358.75",36.5,"Earth Earth, Venus Saturn Jupiter, , Saturn Mars Uranus Jupiter, Mercury Earth Pluto Jupiter, Earth Jupiter Neptune Uranus Jupiter",Earth Saturn Jupiter,"532 532, 561 669 771, 669 435 670 771, 775 532 564 771, 532 771 767 670 771"
"31, 17, 26, 64.5, ?, 1006.6",224.25,"Earth Mercury, Mercury Uranus, Venus Saturn, Saturn Mars Jupiter, , Mercury Sun Sun Saturn Saturn",Venus Venus Mars Venus Jupiter,"532 775, 775 670, 561 669, 669 435 771, 775 342 342 669 669"
"16, 19, 26, 39, 62, ?",99,"Mercury Saturn, Mercury Pluto, Venus Saturn, Earth Pluto, Saturn Venus, ",Pluto Pluto,"775 669, 775 564, 561 669, 532 564, 669 561"
"386, 379, 358, 323, ?, 211",274,"Earth Neptune Saturn, Earth Uranus Pluto, Earth Jupiter Neptune, Earth Venus Earth, , Venus Mercury Mercury",Venus Uranus Mars,"532 767 669, 532 670 564, 532 771 767, 532 561 532, 561 775 775"
